Accession	BioProjects	BioSample accession	Completeness	Gene count	Geographic Location	Geographic Region	Geographic State	Host Common Name	Host Infraspecific Names Breed	Host Infraspecific Names Cultivar	Host Infraspecific Names Ecotype	Host Infraspecific Names Isolate	Host Infraspecific Names Sex	Host Infraspecific Names Strain	Host Name	Host Pangolin Classification	Host Taxonomic ID	Is Annotated	Is Complete	Is Lab Host	Is Vaccine Strain	Isolate Collection date	Isolate Lineage	Isolate Lineage source	Lab Host	Length	Mature peptide count	Molecule type	Nucleotide completeness	Protein count	Purpose of Sampling	Release date	Segment	Source database	SRA Accessions	Submitter Affiliation	Submitter Country	Submitter Names	Update date	Virus Common Name	Virus Infraspecific Names Breed	Virus Infraspecific Names Cultivar	Virus Infraspecific Names Ecotype	Virus Infraspecific Names Isolate	Virus Infraspecific Names Sex	Virus Infraspecific Names Strain	Virus Name	Virus Pangolin Classification	Virus Taxonomic ID
LC644651.1			PARTIAL		Iran	Asia									Enterococcus faecium		1352					2019-03-11	Entfac.MY			582						2021-08-05T00:00:00Z		GenBank		Pathobiology; Keshavarz Blvd., Pour Sina St., Tehran, Iran, Tehran, Tehran 1417613151	Iran	Fard,R.M.N.,Yazdani,Z.M.	2021-08-05T00:00:00Z								Bacteriophage sp.		38018
LC644652.1			PARTIAL		Iran	Asia									Enterococcus faecium		1352					2019-03-11	Entfac.MY			2706						2021-08-05T00:00:00Z		GenBank		Pathobiology; Keshavarz Blvd., Pour Sina St., Tehran, Iran, Tehran, Tehran 1417613151	Iran	Fard,R.M.N.,Yazdani,Z.M.	2021-08-05T00:00:00Z								Bacteriophage sp.		38018
LC644714.1			PARTIAL		Iran	Asia									Enterococcus faecium		1352					2019-03-11	Entfac.MY			1140						2021-08-05T00:00:00Z		GenBank		Pathobiology; Keshavarz Blvd., Pour Sina St., Tehran, Iran, Tehran, Tehran 1417613151	Iran	Fard,R.M.N.,Yazdani,Z.M.	2021-08-05T00:00:00Z								Bacteriophage sp.		38018
LC644715.1			PARTIAL		Iran	Asia									Enterococcus faecium		1352					2019-03-11	Entfac.MY			698						2021-08-05T00:00:00Z		GenBank		Pathobiology; Keshavarz Blvd., Pour Sina St., Tehran, Iran, Tehran, Tehran 1417613151	Iran	Fard,R.M.N.,Yazdani,Z.M.	2021-08-05T00:00:00Z								Bacteriophage sp.		38018
LC644730.1			PARTIAL		Iran	Asia									Enterococcus faecium		1352					2019-03-11	Entfac.MY			750						2021-08-05T00:00:00Z		GenBank		Pathobiology; Keshavarz Blvd., Pour Sina St., Tehran, Iran, Tehran, Tehran 1417613151	Iran	Fard,R.M.N.,Yazdani,Z.M.	2021-08-05T00:00:00Z								Bacteriophage sp.		38018
LC644731.1			PARTIAL		Iran	Asia									Enterococcus faecium		1352					2019-03-11	Entfac.MY			453						2021-08-05T00:00:00Z		GenBank		Pathobiology; Keshavarz Blvd., Pour Sina St., Tehran, Iran, Tehran, Tehran 1417613151	Iran	Fard,R.M.N.,Yazdani,Z.M.	2021-08-05T00:00:00Z								Bacteriophage sp.		38018
LC644732.1			PARTIAL		Iran	Asia									Enterococcus faecium		1352					2019-03-11	Entfac.MY			1728						2021-08-05T00:00:00Z		GenBank		Pathobiology; Keshavarz Blvd., Pour Sina St., Tehran, Iran, Tehran, Tehran 1417613151	Iran	Fard,R.M.N.,Yazdani,Z.M.	2021-08-05T00:00:00Z								Bacteriophage sp.		38018
LC644733.1			PARTIAL		Iran	Asia									Enterococcus faecium		1352					2019-03-11	Entfac.MY			570						2021-08-05T00:00:00Z		GenBank		Pathobiology; Keshavarz Blvd., Pour Sina St., Tehran, Iran, Tehran, Tehran 1417613151	Iran	Fard,R.M.N.,Yazdani,Z.M.	2021-08-05T00:00:00Z								Bacteriophage sp.		38018
LC644734.1			PARTIAL		Iran	Asia									Enterococcus faecium		1352					2019-03-11	Entfac.MY			1365						2021-08-05T00:00:00Z		GenBank		Pathobiology; Keshavarz Blvd., Pour Sina St., Tehran, Iran, Tehran, Tehran 1417613151	Iran	Fard,R.M.N.,Yazdani,Z.M.	2021-08-05T00:00:00Z								Bacteriophage sp.		38018
LC644735.1			PARTIAL		Iran	Asia									Enterococcus faecium		1352					2019-03-11	Entfac.MY			282						2021-08-05T00:00:00Z		GenBank		Pathobiology; Keshavarz Blvd., Pour Sina St., Tehran, Iran, Tehran, Tehran 1417613151	Iran	Fard,R.M.N.,Yazdani,Z.M.	2021-08-05T00:00:00Z								Bacteriophage sp.		38018
LC644736.1			PARTIAL		Iran	Asia									Enterococcus faecium		1352					2019-03-11	Entfac.MY			627						2021-08-05T00:00:00Z		GenBank		Pathobiology; Keshavarz Blvd., Pour Sina St., Tehran, Iran, Tehran, Tehran 1417613151	Iran	Fard,R.M.N.,Yazdani,Z.M.	2021-08-05T00:00:00Z								Bacteriophage sp.		38018
LC644737.1			PARTIAL		Iran	Asia									Enterococcus faecium		1352					2019-03-11	Entfac.MY			1017						2021-08-05T00:00:00Z		GenBank		Pathobiology; Keshavarz Blvd., Pour Sina St., Tehran, Iran, Tehran, Tehran 1417613151	Iran	Fard,R.M.N.,Yazdani,Z.M.	2021-08-05T00:00:00Z								Bacteriophage sp.		38018
LC644738.1			PARTIAL		Iran	Asia									Enterococcus faecium		1352					2019-03-11	Entfac.MY			198						2021-08-05T00:00:00Z		GenBank		Pathobiology; Keshavarz Blvd., Pour Sina St., Tehran, Iran, Tehran, Tehran 1417613151	Iran	Fard,R.M.N.,Yazdani,Z.M.	2021-08-05T00:00:00Z								Bacteriophage sp.		38018
LC644739.1			PARTIAL		Iran	Asia									Enterococcus faecium		1352					2019-03-11	Entfac.MY			1194						2021-08-05T00:00:00Z		GenBank		Pathobiology; Keshavarz Blvd., Pour Sina St., Tehran, Iran, Tehran, Tehran 1417613151	Iran	Fard,R.M.N.,Yazdani,Z.M.	2021-08-05T00:00:00Z								Bacteriophage sp.		38018
LC644740.1			PARTIAL		Iran	Asia									Enterococcus faecium		1352					2019-03-11	Entfac.MY			159						2021-08-05T00:00:00Z		GenBank		Pathobiology; Keshavarz Blvd., Pour Sina St., Tehran, Iran, Tehran, Tehran 1417613151	Iran	Fard,R.M.N.,Yazdani,Z.M.	2021-08-05T00:00:00Z								Bacteriophage sp.		38018
LC644741.1			PARTIAL		Iran	Asia									Enterococcus faecium		1352					2019-03-11	Entfac.MY			474						2021-08-05T00:00:00Z		GenBank		Pathobiology; Keshavarz Blvd., Pour Sina St., Tehran, Iran, Tehran, Tehran 1417613151	Iran	Fard,R.M.N.,Yazdani,Z.M.	2021-08-05T00:00:00Z								Bacteriophage sp.		38018
LC644742.1			PARTIAL		Iran	Asia									Enterococcus faecium		1352					2019-03-11	Entfac.MY			315						2021-08-05T00:00:00Z		GenBank		Pathobiology; Keshavarz Blvd., Pour Sina St., Tehran, Iran, Tehran, Tehran 1417613151	Iran	Fard,R.M.N.,Yazdani,Z.M.	2021-08-05T00:00:00Z								Bacteriophage sp.		38018
LC644743.1			PARTIAL		Iran	Asia									Enterococcus faecium		1352					2019-03-11	Entfac.MY			375						2021-08-05T00:00:00Z		GenBank		Pathobiology; Keshavarz Blvd., Pour Sina St., Tehran, Iran, Tehran, Tehran 1417613151	Iran	Fard,R.M.N.,Yazdani,Z.M.	2021-08-05T00:00:00Z								Bacteriophage sp.		38018
LC644744.1			PARTIAL		Iran	Asia									Enterococcus faecium		1352					2019-03-11	Entfac.MY			1122						2021-08-05T00:00:00Z		GenBank		Pathobiology; Keshavarz Blvd., Pour Sina St., Tehran, Iran, Tehran, Tehran 1417613151	Iran	Fard,R.M.N.,Yazdani,Z.M.	2021-08-05T00:00:00Z								Bacteriophage sp.		38018
LC644745.1			PARTIAL		Iran	Asia									Enterococcus faecium		1352					2019-03-11	Entfac.MY			942						2021-08-05T00:00:00Z		GenBank		Pathobiology; Keshavarz Blvd., Pour Sina St., Tehran, Iran, Tehran, Tehran 1417613151	Iran	Fard,R.M.N.,Yazdani,Z.M.	2021-08-05T00:00:00Z								Bacteriophage sp.		38018
LC644746.1			PARTIAL		Iran	Asia									Enterococcus faecium		1352					2019-03-11	Entfac.MY			891						2021-08-05T00:00:00Z		GenBank		Pathobiology; Keshavarz Blvd., Pour Sina St., Tehran, Iran, Tehran, Tehran 1417613151	Iran	Fard,R.M.N.,Yazdani,Z.M.	2021-08-05T00:00:00Z								Bacteriophage sp.		38018
LC644747.1			PARTIAL		Iran	Asia									Enterococcus faecium		1352					2019-03-11	Entfac.MY			1260						2021-08-05T00:00:00Z		GenBank		Pathobiology; Keshavarz Blvd., Pour Sina St., Tehran, Iran, Tehran, Tehran 1417613151	Iran	Fard,R.M.N.,Yazdani,Z.M.	2021-08-05T00:00:00Z								Bacteriophage sp.		38018
LC644748.1			PARTIAL		Iran	Asia									Enterococcus faecium		1352					2019-03-11	Entfac.MY			2316						2021-08-05T00:00:00Z		GenBank		Pathobiology; Keshavarz Blvd., Pour Sina St., Tehran, Iran, Tehran, Tehran 1417613151	Iran	Fard,R.M.N.,Yazdani,Z.M.	2021-08-05T00:00:00Z								Bacteriophage sp.		38018
LC644749.1			PARTIAL		Iran	Asia									Enterococcus faecium		1352					2019-03-11	Entfac.MY			1215						2021-08-05T00:00:00Z		GenBank		Pathobiology; Keshavarz Blvd., Pour Sina St., Tehran, Iran, Tehran, Tehran 1417613151	Iran	Fard,R.M.N.,Yazdani,Z.M.	2021-08-05T00:00:00Z								Bacteriophage sp.		38018
LC644750.1			PARTIAL		Iran	Asia									Enterococcus faecium		1352					2019-03-11	Entfac.MY			1350						2021-08-05T00:00:00Z		GenBank		Pathobiology; Keshavarz Blvd., Pour Sina St., Tehran, Iran, Tehran, Tehran 1417613151	Iran	Fard,R.M.N.,Yazdani,Z.M.	2021-08-05T00:00:00Z								Bacteriophage sp.		38018
LC644751.1			PARTIAL		Iran	Asia									Enterococcus faecium		1352					2019-03-11	Entfac.MY			450						2021-08-05T00:00:00Z		GenBank		Pathobiology; Keshavarz Blvd., Pour Sina St., Tehran, Iran, Tehran, Tehran 1417613151	Iran	Fard,R.M.N.,Yazdani,Z.M.	2021-08-05T00:00:00Z								Bacteriophage sp.		38018
LC644752.1			PARTIAL		Iran	Asia									Enterococcus faecium		1352					2019-03-11	Entfac.MY			894						2021-08-05T00:00:00Z		GenBank		Pathobiology; Keshavarz Blvd., Pour Sina St., Tehran, Iran, Tehran, Tehran 1417613151	Iran	Fard,R.M.N.,Yazdani,Z.M.	2021-08-05T00:00:00Z								Bacteriophage sp.		38018
LC644753.1			PARTIAL		Iran	Asia									Enterococcus faecium		1352					2019-03-11	Entfac.MY			234						2021-08-05T00:00:00Z		GenBank		Pathobiology; Keshavarz Blvd., Pour Sina St., Tehran, Iran, Tehran, Tehran 1417613151	Iran	Fard,R.M.N.,Yazdani,Z.M.	2021-08-05T00:00:00Z								Bacteriophage sp.		38018
LC644754.1			PARTIAL		Iran	Asia									Enterococcus faecium		1352					2019-03-11	Entfac.MY			207						2021-08-05T00:00:00Z		GenBank		Pathobiology; Keshavarz Blvd., Pour Sina St., Tehran, Iran, Tehran, Tehran 1417613151	Iran	Fard,R.M.N.,Yazdani,Z.M.	2021-08-05T00:00:00Z								Bacteriophage sp.		38018
LC644755.1			PARTIAL		Iran	Asia									Enterococcus faecium		1352					2019-03-11	Entfac.MY			657						2021-08-05T00:00:00Z		GenBank		Pathobiology; Keshavarz Blvd., Pour Sina St., Tehran, Iran, Tehran, Tehran 1417613151	Iran	Fard,R.M.N.,Yazdani,Z.M.	2021-08-05T00:00:00Z								Bacteriophage sp.		38018
LC644756.1			PARTIAL		Iran	Asia									Enterococcus faecium		1352					2019-03-11	Entfac.MY			837						2021-08-05T00:00:00Z		GenBank		Pathobiology; Keshavarz Blvd., Pour Sina St., Tehran, Iran, Tehran, Tehran 1417613151	Iran	Fard,R.M.N.,Yazdani,Z.M.	2021-08-05T00:00:00Z								Bacteriophage sp.		38018
LC644757.1			PARTIAL		Iran	Asia									Enterococcus faecium		1352					2019-03-11	Entfac.MY			375						2021-08-05T00:00:00Z		GenBank		Pathobiology; Keshavarz Blvd., Pour Sina St., Tehran, Iran, Tehran, Tehran 1417613151	Iran	Fard,R.M.N.,Yazdani,Z.M.	2021-08-05T00:00:00Z								Bacteriophage sp.		38018
LC644758.1			PARTIAL		Iran	Asia									Enterococcus faecium		1352					2019-03-11	Entfac.MY			255						2021-08-05T00:00:00Z		GenBank		Pathobiology; Keshavarz Blvd., Pour Sina St., Tehran, Iran, Tehran, Tehran 1417613151	Iran	Fard,R.M.N.,Yazdani,Z.M.	2021-08-05T00:00:00Z								Bacteriophage sp.		38018
LC644759.1			PARTIAL		Iran	Asia									Enterococcus faecium		1352					2019-03-11	Entfac.MY			267						2021-08-05T00:00:00Z		GenBank		Pathobiology; Keshavarz Blvd., Pour Sina St., Tehran, Iran, Tehran, Tehran 1417613151	Iran	Fard,R.M.N.,Yazdani,Z.M.	2021-08-05T00:00:00Z								Bacteriophage sp.		38018
LC644760.1			PARTIAL		Iran	Asia									Enterococcus faecium		1352					2019-03-11	Entfac.MY			174						2021-08-05T00:00:00Z		GenBank		Pathobiology; Keshavarz Blvd., Pour Sina St., Tehran, Iran, Tehran, Tehran 1417613151	Iran	Fard,R.M.N.,Yazdani,Z.M.	2021-08-05T00:00:00Z								Bacteriophage sp.		38018
LC644761.1			PARTIAL		Iran	Asia									Enterococcus faecium		1352					2019-03-11	Entfac.MY			972						2021-08-05T00:00:00Z		GenBank		Pathobiology; Keshavarz Blvd., Pour Sina St., Tehran, Iran, Tehran, Tehran 1417613151	Iran	Fard,R.M.N.,Yazdani,Z.M.	2021-08-05T00:00:00Z								Bacteriophage sp.		38018
LC644762.1			PARTIAL		Iran	Asia									Enterococcus faecium		1352					2019-03-11	Entfac.MY			126						2021-08-05T00:00:00Z		GenBank		Pathobiology; Keshavarz Blvd., Pour Sina St., Tehran, Iran, Tehran, Tehran 1417613151	Iran	Fard,R.M.N.,Yazdani,Z.M.	2021-08-05T00:00:00Z								Bacteriophage sp.		38018
LC644763.1			PARTIAL		Iran	Asia									Enterococcus faecium		1352					2019-03-11	Entfac.MY			480						2021-08-05T00:00:00Z		GenBank		Pathobiology; Keshavarz Blvd., Pour Sina St., Tehran, Iran, Tehran, Tehran 1417613151	Iran	Fard,R.M.N.,Yazdani,Z.M.	2021-08-05T00:00:00Z								Bacteriophage sp.		38018
LC644764.1			PARTIAL		Iran	Asia									Enterococcus faecium		1352					2019-03-11	Entfac.MY			459						2021-08-05T00:00:00Z		GenBank		Pathobiology; Keshavarz Blvd., Pour Sina St., Tehran, Iran, Tehran, Tehran 1417613151	Iran	Fard,R.M.N.,Yazdani,Z.M.	2021-08-05T00:00:00Z								Bacteriophage sp.		38018
LC644765.1			PARTIAL		Iran	Asia									Enterococcus faecium		1352					2019-03-11	Entfac.MY			810						2021-08-05T00:00:00Z		GenBank		Pathobiology; Keshavarz Blvd., Pour Sina St., Tehran, Iran, Tehran, Tehran 1417613151	Iran	Fard,R.M.N.,Yazdani,Z.M.	2021-08-05T00:00:00Z								Bacteriophage sp.		38018
LC644766.1			PARTIAL		Iran	Asia									Enterococcus faecium		1352					2019-03-11	Entfac.MY			471						2021-08-05T00:00:00Z		GenBank		Pathobiology; Keshavarz Blvd., Pour Sina St., Tehran, Iran, Tehran, Tehran 1417613151	Iran	Fard,R.M.N.,Yazdani,Z.M.	2021-08-05T00:00:00Z								Bacteriophage sp.		38018
LC644767.1			PARTIAL		Iran	Asia									Enterococcus faecium		1352					2019-03-11	Entfac.MY			366						2021-08-05T00:00:00Z		GenBank		Pathobiology; Keshavarz Blvd., Pour Sina St., Tehran, Iran, Tehran, Tehran 1417613151	Iran	Fard,R.M.N.,Yazdani,Z.M.	2021-08-05T00:00:00Z								Bacteriophage sp.		38018
LC644768.1			PARTIAL		Iran	Asia									Enterococcus faecium		1352					2019-03-11	Entfac.MY			342						2021-08-05T00:00:00Z		GenBank		Pathobiology; Keshavarz Blvd., Pour Sina St., Tehran, Iran, Tehran, Tehran 1417613151	Iran	Fard,R.M.N.,Yazdani,Z.M.	2021-08-05T00:00:00Z								Bacteriophage sp.		38018
LC644769.1			PARTIAL		Iran	Asia									Enterococcus faecium		1352					2019-03-11	Entfac.MY			666						2021-08-05T00:00:00Z		GenBank		Pathobiology; Keshavarz Blvd., Pour Sina St., Tehran, Iran, Tehran, Tehran 1417613151	Iran	Fard,R.M.N.,Yazdani,Z.M.	2021-08-05T00:00:00Z								Bacteriophage sp.		38018
LC644770.1			PARTIAL		Iran	Asia									Enterococcus faecium		1352					2019-03-11	Entfac.MY			789						2021-08-05T00:00:00Z		GenBank		Pathobiology; Keshavarz Blvd., Pour Sina St., Tehran, Iran, Tehran, Tehran 1417613151	Iran	Fard,R.M.N.,Yazdani,Z.M.	2021-08-05T00:00:00Z								Bacteriophage sp.		38018
LC644771.1			PARTIAL		Iran	Asia									Enterococcus faecium		1352					2019-03-11	Entfac.MY			279						2021-08-05T00:00:00Z		GenBank		Pathobiology; Keshavarz Blvd., Pour Sina St., Tehran, Iran, Tehran, Tehran 1417613151	Iran	Fard,R.M.N.,Yazdani,Z.M.	2021-08-05T00:00:00Z								Bacteriophage sp.		38018
LC644772.1			PARTIAL		Iran	Asia									Enterococcus faecium		1352					2019-03-11	Entfac.MY			516						2021-08-05T00:00:00Z		GenBank		Pathobiology; Keshavarz Blvd., Pour Sina St., Tehran, Iran, Tehran, Tehran 1417613151	Iran	Fard,R.M.N.,Yazdani,Z.M.	2021-08-05T00:00:00Z								Bacteriophage sp.		38018
LC644773.1			PARTIAL		Iran	Asia									Enterococcus faecium		1352					2019-03-11	Entfac.MY			429						2021-08-05T00:00:00Z		GenBank		Pathobiology; Keshavarz Blvd., Pour Sina St., Tehran, Iran, Tehran, Tehran 1417613151	Iran	Fard,R.M.N.,Yazdani,Z.M.	2021-08-05T00:00:00Z								Bacteriophage sp.		38018
LC644774.1			PARTIAL		Iran	Asia									Enterococcus faecium		1352					2019-03-11	Entfac.MY			594						2021-08-05T00:00:00Z		GenBank		Pathobiology; Keshavarz Blvd., Pour Sina St., Tehran, Iran, Tehran, Tehran 1417613151	Iran	Fard,R.M.N.,Yazdani,Z.M.	2021-08-05T00:00:00Z								Bacteriophage sp.		38018
LC644775.1			PARTIAL		Iran	Asia									Enterococcus faecium		1352					2019-03-11	Entfac.MY			510						2021-08-05T00:00:00Z		GenBank		Pathobiology; Keshavarz Blvd., Pour Sina St., Tehran, Iran, Tehran, Tehran 1417613151	Iran	Fard,R.M.N.,Yazdani,Z.M.	2021-08-05T00:00:00Z								Bacteriophage sp.		38018
LC644776.1			PARTIAL		Iran	Asia									Enterococcus faecium		1352					2019-03-11	Entfac.MY			234						2021-08-05T00:00:00Z		GenBank		Pathobiology; Keshavarz Blvd., Pour Sina St., Tehran, Iran, Tehran, Tehran 1417613151	Iran	Fard,R.M.N.,Yazdani,Z.M.	2021-08-05T00:00:00Z								Bacteriophage sp.		38018
LC644777.1			PARTIAL		Iran	Asia									Enterococcus faecium		1352					2019-03-11	Entfac.MY			291						2021-08-05T00:00:00Z		GenBank		Pathobiology; Keshavarz Blvd., Pour Sina St., Tehran, Iran, Tehran, Tehran 1417613151	Iran	Fard,R.M.N.,Yazdani,Z.M.	2021-08-05T00:00:00Z								Bacteriophage sp.		38018
LC644778.1			PARTIAL		Iran	Asia									Enterococcus faecium		1352					2019-03-11	Entfac.MY			585						2021-08-05T00:00:00Z		GenBank		Pathobiology; Keshavarz Blvd., Pour Sina St., Tehran, Iran, Tehran, Tehran 1417613151	Iran	Fard,R.M.N.,Yazdani,Z.M.	2021-08-05T00:00:00Z								Bacteriophage sp.		38018
LC644779.1			PARTIAL		Iran	Asia									Enterococcus faecium		1352					2019-03-11	Entfac.MY			240						2021-08-05T00:00:00Z		GenBank		Pathobiology; Keshavarz Blvd., Pour Sina St., Tehran, Iran, Tehran, Tehran 1417613151	Iran	Fard,R.M.N.,Yazdani,Z.M.	2021-08-05T00:00:00Z								Bacteriophage sp.		38018
LC644780.1			PARTIAL		Iran	Asia									Enterococcus faecium		1352					2019-03-11	Entfac.MY			387						2021-08-05T00:00:00Z		GenBank		Pathobiology; Keshavarz Blvd., Pour Sina St., Tehran, Iran, Tehran, Tehran 1417613151	Iran	Fard,R.M.N.,Yazdani,Z.M.	2021-08-05T00:00:00Z								Bacteriophage sp.		38018
LC644781.1			PARTIAL		Iran	Asia									Enterococcus faecium		1352					2019-03-11	Entfac.MY			456						2021-08-05T00:00:00Z		GenBank		Pathobiology; Keshavarz Blvd., Pour Sina St., Tehran, Iran, Tehran, Tehran 1417613151	Iran	Fard,R.M.N.,Yazdani,Z.M.	2021-08-05T00:00:00Z								Bacteriophage sp.		38018
LC644782.1			PARTIAL		Iran	Asia									Enterococcus faecium		1352					2019-03-11	Entfac.MY			453						2021-08-05T00:00:00Z		GenBank		Pathobiology; Keshavarz Blvd., Pour Sina St., Tehran, Iran, Tehran, Tehran 1417613151	Iran	Fard,R.M.N.,Yazdani,Z.M.	2021-08-05T00:00:00Z								Bacteriophage sp.		38018
LC644783.1			PARTIAL		Iran	Asia									Enterococcus faecium		1352					2019-03-11	Entfac.MY			132						2021-08-05T00:00:00Z		GenBank		Pathobiology; Keshavarz Blvd., Pour Sina St., Tehran, Iran, Tehran, Tehran 1417613151	Iran	Fard,R.M.N.,Yazdani,Z.M.	2021-08-05T00:00:00Z								Bacteriophage sp.		38018
LC644784.1			PARTIAL		Iran	Asia									Enterococcus faecium		1352					2019-03-11	Entfac.MY			429						2021-08-05T00:00:00Z		GenBank		Pathobiology; Keshavarz Blvd., Pour Sina St., Tehran, Iran, Tehran, Tehran 1417613151	Iran	Fard,R.M.N.,Yazdani,Z.M.	2021-08-05T00:00:00Z								Bacteriophage sp.		38018
LC644785.1			PARTIAL		Iran	Asia									Enterococcus faecium		1352					2019-03-11	Entfac.MY			120						2021-08-05T00:00:00Z		GenBank		Pathobiology; Keshavarz Blvd., Pour Sina St., Tehran, Iran, Tehran, Tehran 1417613151	Iran	Fard,R.M.N.,Yazdani,Z.M.	2021-08-05T00:00:00Z								Bacteriophage sp.		38018
LC644786.1			PARTIAL		Iran	Asia									Enterococcus faecium		1352					2019-03-11	Entfac.MY			234						2021-08-05T00:00:00Z		GenBank		Pathobiology; Keshavarz Blvd., Pour Sina St., Tehran, Iran, Tehran, Tehran 1417613151	Iran	Fard,R.M.N.,Yazdani,Z.M.	2021-08-05T00:00:00Z								Bacteriophage sp.		38018
LC644787.1			PARTIAL		Iran	Asia									Enterococcus faecium		1352					2019-03-11	Entfac.MY			396						2021-08-05T00:00:00Z		GenBank		Pathobiology; Keshavarz Blvd., Pour Sina St., Tehran, Iran, Tehran, Tehran 1417613151	Iran	Fard,R.M.N.,Yazdani,Z.M.	2021-08-05T00:00:00Z								Bacteriophage sp.		38018
LC644788.1			PARTIAL		Iran	Asia									Enterococcus faecium		1352					2019-03-11	Entfac.MY			381						2021-08-05T00:00:00Z		GenBank		Pathobiology; Keshavarz Blvd., Pour Sina St., Tehran, Iran, Tehran, Tehran 1417613151	Iran	Fard,R.M.N.,Yazdani,Z.M.	2021-08-05T00:00:00Z								Bacteriophage sp.		38018
LC644789.1			PARTIAL		Iran	Asia									Enterococcus faecium		1352					2019-03-11	Entfac.MY			378						2021-08-05T00:00:00Z		GenBank		Pathobiology; Keshavarz Blvd., Pour Sina St., Tehran, Iran, Tehran, Tehran 1417613151	Iran	Fard,R.M.N.,Yazdani,Z.M.	2021-08-05T00:00:00Z								Bacteriophage sp.		38018
LC644790.1			PARTIAL		Iran	Asia									Enterococcus faecium		1352					2019-03-11	Entfac.MY			363						2021-08-05T00:00:00Z		GenBank		Pathobiology; Keshavarz Blvd., Pour Sina St., Tehran, Iran, Tehran, Tehran 1417613151	Iran	Fard,R.M.N.,Yazdani,Z.M.	2021-08-05T00:00:00Z								Bacteriophage sp.		38018
LC644791.1			PARTIAL		Iran	Asia									Enterococcus faecium		1352					2019-03-11	Entfac.MY			363						2021-08-05T00:00:00Z		GenBank		Pathobiology; Keshavarz Blvd., Pour Sina St., Tehran, Iran, Tehran, Tehran 1417613151	Iran	Fard,R.M.N.,Yazdani,Z.M.	2021-08-05T00:00:00Z								Bacteriophage sp.		38018
LC644792.1			PARTIAL		Iran	Asia									Enterococcus faecium		1352					2019-03-11	Entfac.MY			363						2021-08-05T00:00:00Z		GenBank		Pathobiology; Keshavarz Blvd., Pour Sina St., Tehran, Iran, Tehran, Tehran 1417613151	Iran	Fard,R.M.N.,Yazdani,Z.M.	2021-08-05T00:00:00Z								Bacteriophage sp.		38018
LC644793.1			PARTIAL		Iran	Asia									Enterococcus faecium		1352					2019-03-11	Entfac.MY			141						2021-08-05T00:00:00Z		GenBank		Pathobiology; Keshavarz Blvd., Pour Sina St., Tehran, Iran, Tehran, Tehran 1417613151	Iran	Fard,R.M.N.,Yazdani,Z.M.	2021-08-05T00:00:00Z								Bacteriophage sp.		38018
LC644794.1			PARTIAL		Iran	Asia									Enterococcus faecium		1352					2019-03-11	Entfac.MY			309						2021-08-05T00:00:00Z		GenBank		Pathobiology; Keshavarz Blvd., Pour Sina St., Tehran, Iran, Tehran, Tehran 1417613151	Iran	Fard,R.M.N.,Yazdani,Z.M.	2021-08-05T00:00:00Z								Bacteriophage sp.		38018
LC644795.1			PARTIAL		Iran	Asia									Enterococcus faecium		1352					2019-03-11	Entfac.MY			186						2021-08-05T00:00:00Z		GenBank		Pathobiology; Keshavarz Blvd., Pour Sina St., Tehran, Iran, Tehran, Tehran 1417613151	Iran	Fard,R.M.N.,Yazdani,Z.M.	2021-08-05T00:00:00Z								Bacteriophage sp.		38018
LC644796.1			PARTIAL		Iran	Asia									Enterococcus faecium		1352					2019-03-11	Entfac.MY			291						2021-08-05T00:00:00Z		GenBank		Pathobiology; Keshavarz Blvd., Pour Sina St., Tehran, Iran, Tehran, Tehran 1417613151	Iran	Fard,R.M.N.,Yazdani,Z.M.	2021-08-05T00:00:00Z								Bacteriophage sp.		38018
LC644797.1			PARTIAL		Iran	Asia									Enterococcus faecium		1352					2019-03-11	Entfac.MY			96						2021-08-05T00:00:00Z		GenBank		Pathobiology; Keshavarz Blvd., Pour Sina St., Tehran, Iran, Tehran, Tehran 1417613151	Iran	Fard,R.M.N.,Yazdani,Z.M.	2021-08-05T00:00:00Z								Bacteriophage sp.		38018
LC644798.1			PARTIAL		Iran	Asia									Enterococcus faecium		1352					2019-03-11	Entfac.MY			135						2021-08-05T00:00:00Z		GenBank		Pathobiology; Keshavarz Blvd., Pour Sina St., Tehran, Iran, Tehran, Tehran 1417613151	Iran	Fard,R.M.N.,Yazdani,Z.M.	2021-08-05T00:00:00Z								Bacteriophage sp.		38018
LC644799.1			PARTIAL		Iran	Asia									Enterococcus faecium		1352					2019-03-11	Entfac.MY			276						2021-08-05T00:00:00Z		GenBank		Pathobiology; Keshavarz Blvd., Pour Sina St., Tehran, Iran, Tehran, Tehran 1417613151	Iran	Fard,R.M.N.,Yazdani,Z.M.	2021-08-05T00:00:00Z								Bacteriophage sp.		38018
LC644800.1			PARTIAL		Iran	Asia									Enterococcus faecium		1352					2019-03-11	Entfac.MY			241						2021-08-05T00:00:00Z		GenBank		Pathobiology; Keshavarz Blvd., Pour Sina St., Tehran, Iran, Tehran, Tehran 1417613151	Iran	Fard,R.M.N.,Yazdani,Z.M.	2021-08-05T00:00:00Z								Bacteriophage sp.		38018
LC644801.1			PARTIAL		Iran	Asia									Enterococcus faecium		1352					2019-03-11	Entfac.MY			153						2021-08-05T00:00:00Z		GenBank		Pathobiology; Keshavarz Blvd., Pour Sina St., Tehran, Iran, Tehran, Tehran 1417613151	Iran	Fard,R.M.N.,Yazdani,Z.M.	2021-08-05T00:00:00Z								Bacteriophage sp.		38018
LC644802.1			PARTIAL		Iran	Asia									Enterococcus faecium		1352					2019-03-11	Entfac.MY			258						2021-08-05T00:00:00Z		GenBank		Pathobiology; Keshavarz Blvd., Pour Sina St., Tehran, Iran, Tehran, Tehran 1417613151	Iran	Fard,R.M.N.,Yazdani,Z.M.	2021-08-05T00:00:00Z								Bacteriophage sp.		38018
LC644803.1			PARTIAL		Iran	Asia									Enterococcus faecium		1352					2019-03-11	Entfac.MY			249						2021-08-05T00:00:00Z		GenBank		Pathobiology; Keshavarz Blvd., Pour Sina St., Tehran, Iran, Tehran, Tehran 1417613151	Iran	Fard,R.M.N.,Yazdani,Z.M.	2021-08-05T00:00:00Z								Bacteriophage sp.		38018
LC644804.1			PARTIAL		Iran	Asia									Enterococcus faecium		1352					2019-03-11	Entfac.MY			237						2021-08-05T00:00:00Z		GenBank		Pathobiology; Keshavarz Blvd., Pour Sina St., Tehran, Iran, Tehran, Tehran 1417613151	Iran	Fard,R.M.N.,Yazdani,Z.M.	2021-08-05T00:00:00Z								Bacteriophage sp.		38018
LC644805.1			PARTIAL		Iran	Asia									Enterococcus faecium		1352					2019-03-11	Entfac.MY			225						2021-08-05T00:00:00Z		GenBank		Pathobiology; Keshavarz Blvd., Pour Sina St., Tehran, Iran, Tehran, Tehran 1417613151	Iran	Fard,R.M.N.,Yazdani,Z.M.	2021-08-05T00:00:00Z								Bacteriophage sp.		38018
LC644806.1			PARTIAL		Iran	Asia									Enterococcus faecium		1352					2019-03-11	Entfac.MY			777						2021-08-05T00:00:00Z		GenBank		Pathobiology; Keshavarz Blvd., Pour Sina St., Tehran, Iran, Tehran, Tehran 1417613151	Iran	Fard,R.M.N.,Yazdani,Z.M.	2021-08-05T00:00:00Z								Bacteriophage sp.		38018
LC644807.1			PARTIAL		Iran	Asia									Enterococcus faecium		1352					2019-03-11	Entfac.MY			303						2021-08-05T00:00:00Z		GenBank		Pathobiology; Keshavarz Blvd., Pour Sina St., Tehran, Iran, Tehran, Tehran 1417613151	Iran	Fard,R.M.N.,Yazdani,Z.M.	2021-08-05T00:00:00Z								Bacteriophage sp.		38018
LC644808.1			PARTIAL		Iran	Asia									Enterococcus faecium		1352					2019-03-11	Entfac.MY			339						2021-08-05T00:00:00Z		GenBank		Pathobiology; Keshavarz Blvd., Pour Sina St., Tehran, Iran, Tehran, Tehran 1417613151	Iran	Fard,R.M.N.,Yazdani,Z.M.	2021-08-05T00:00:00Z								Bacteriophage sp.		38018
LC644809.1			PARTIAL		Iran	Asia									Enterococcus faecium		1352					2019-03-11	Entfac.MY			1227						2021-08-05T00:00:00Z		GenBank		Pathobiology; Keshavarz Blvd., Pour Sina St., Tehran, Iran, Tehran, Tehran 1417613151	Iran	Fard,R.M.N.,Yazdani,Z.M.	2021-08-05T00:00:00Z								Bacteriophage sp.		38018
LC644810.1			PARTIAL		Iran	Asia									Enterococcus faecium		1352					2019-03-11	Entfac.MY			243						2021-08-05T00:00:00Z		GenBank		Pathobiology; Keshavarz Blvd., Pour Sina St., Tehran, Iran, Tehran, Tehran 1417613151	Iran	Fard,R.M.N.,Yazdani,Z.M.	2021-08-05T00:00:00Z								Bacteriophage sp.		38018
LC644811.1			PARTIAL		Iran	Asia									Enterococcus faecium		1352					2019-03-11	Entfac.MY			3849						2021-08-05T00:00:00Z		GenBank		Pathobiology; Keshavarz Blvd., Pour Sina St., Tehran, Iran, Tehran, Tehran 1417613151	Iran	Fard,R.M.N.,Yazdani,Z.M.	2021-08-05T00:00:00Z								Bacteriophage sp.		38018
LC644812.1			PARTIAL		Iran	Asia									Enterococcus faecium		1352					2019-03-11	Entfac.MY			561						2021-08-05T00:00:00Z		GenBank		Pathobiology; Keshavarz Blvd., Pour Sina St., Tehran, Iran, Tehran, Tehran 1417613151	Iran	Fard,R.M.N.,Yazdani,Z.M.	2021-08-05T00:00:00Z								Bacteriophage sp.		38018
LC644813.1			PARTIAL		Iran	Asia									Enterococcus faecium		1352					2019-03-11	Entfac.MY			1221						2021-08-05T00:00:00Z		GenBank		Pathobiology; Keshavarz Blvd., Pour Sina St., Tehran, Iran, Tehran, Tehran 1417613151	Iran	Fard,R.M.N.,Yazdani,Z.M.	2021-08-05T00:00:00Z								Bacteriophage sp.		38018
LC644814.1			PARTIAL		Iran	Asia									Enterococcus faecium		1352					2019-03-11	Entfac.MY			1320						2021-08-05T00:00:00Z		GenBank		Pathobiology; Keshavarz Blvd., Pour Sina St., Tehran, Iran, Tehran, Tehran 1417613151	Iran	Fard,R.M.N.,Yazdani,Z.M.	2021-08-05T00:00:00Z								Bacteriophage sp.		38018
LC644815.1			PARTIAL		Iran	Asia									Enterococcus faecium		1352					2019-03-11	Entfac.MY			414						2021-08-05T00:00:00Z		GenBank		Pathobiology; Keshavarz Blvd., Pour Sina St., Tehran, Iran, Tehran, Tehran 1417613151	Iran	Fard,R.M.N.,Yazdani,Z.M.	2021-08-05T00:00:00Z								Bacteriophage sp.		38018
LC644816.1			PARTIAL		Iran	Asia									Enterococcus faecium		1352					2019-03-11	Entfac.MY			318						2021-08-05T00:00:00Z		GenBank		Pathobiology; Keshavarz Blvd., Pour Sina St., Tehran, Iran, Tehran, Tehran 1417613151	Iran	Fard,R.M.N.,Yazdani,Z.M.	2021-08-05T00:00:00Z								Bacteriophage sp.		38018
LC644817.1			PARTIAL		Iran	Asia									Enterococcus faecium		1352					2019-03-11	Entfac.MY			1137						2021-08-05T00:00:00Z		GenBank		Pathobiology; Keshavarz Blvd., Pour Sina St., Tehran, Iran, Tehran, Tehran 1417613151	Iran	Fard,R.M.N.,Yazdani,Z.M.	2021-08-05T00:00:00Z								Bacteriophage sp.		38018
LC644818.1			PARTIAL		Iran	Asia									Enterococcus faecium		1352					2019-03-11	Entfac.MY			555						2021-08-05T00:00:00Z		GenBank		Pathobiology; Keshavarz Blvd., Pour Sina St., Tehran, Iran, Tehran, Tehran 1417613151	Iran	Fard,R.M.N.,Yazdani,Z.M.	2021-08-05T00:00:00Z								Bacteriophage sp.		38018
LC644819.1			PARTIAL		Iran	Asia									Enterococcus faecium		1352					2019-03-11	Entfac.MY			903						2021-08-05T00:00:00Z		GenBank		Pathobiology; Keshavarz Blvd., Pour Sina St., Tehran, Iran, Tehran, Tehran 1417613151	Iran	Fard,R.M.N.,Yazdani,Z.M.	2021-08-05T00:00:00Z								Bacteriophage sp.		38018
LC644820.1			PARTIAL		Iran	Asia									Enterococcus faecium		1352					2019-03-11	Entfac.MY			1008						2021-08-05T00:00:00Z		GenBank		Pathobiology; Keshavarz Blvd., Pour Sina St., Tehran, Iran, Tehran, Tehran 1417613151	Iran	Fard,R.M.N.,Yazdani,Z.M.	2021-08-05T00:00:00Z								Bacteriophage sp.		38018
LC644821.1			PARTIAL		Iran	Asia									Enterococcus faecium		1352					2019-03-11	Entfac.MY			585						2021-08-05T00:00:00Z		GenBank		Pathobiology; Keshavarz Blvd., Pour Sina St., Tehran, Iran, Tehran, Tehran 1417613151	Iran	Fard,R.M.N.,Yazdani,Z.M.	2021-08-05T00:00:00Z								Bacteriophage sp.		38018
LC644822.1			PARTIAL		Iran	Asia									Enterococcus faecium		1352					2019-03-11	Entfac.MY			339						2021-08-05T00:00:00Z		GenBank		Pathobiology; Keshavarz Blvd., Pour Sina St., Tehran, Iran, Tehran, Tehran 1417613151	Iran	Fard,R.M.N.,Yazdani,Z.M.	2021-08-05T00:00:00Z								Bacteriophage sp.		38018
LC644823.1			PARTIAL		Iran	Asia									Enterococcus faecium		1352					2019-03-11	Entfac.MY			75						2021-08-05T00:00:00Z		GenBank		Pathobiology; Keshavarz Blvd., Pour Sina St., Tehran, Iran, Tehran, Tehran 1417613151	Iran	Fard,R.M.N.,Yazdani,Z.M.	2021-08-05T00:00:00Z								Bacteriophage sp.		38018
LC644824.1			PARTIAL		Iran	Asia									Enterococcus faecium		1352					2019-03-11	Entfac.MY			906						2021-08-05T00:00:00Z		GenBank		Pathobiology; Keshavarz Blvd., Pour Sina St., Tehran, Iran, Tehran, Tehran 1417613151	Iran	Fard,R.M.N.,Yazdani,Z.M.	2021-08-05T00:00:00Z								Bacteriophage sp.		38018
LC644825.1			PARTIAL		Iran	Asia									Enterococcus faecium		1352					2019-03-11	Entfac.MY			249						2021-08-05T00:00:00Z		GenBank		Pathobiology; Keshavarz Blvd., Pour Sina St., Tehran, Iran, Tehran, Tehran 1417613151	Iran	Fard,R.M.N.,Yazdani,Z.M.	2021-08-05T00:00:00Z								Bacteriophage sp.		38018
LC644826.1			PARTIAL		Iran	Asia									Enterococcus faecium		1352					2019-03-11	Entfac.MY			375						2021-08-05T00:00:00Z		GenBank		Pathobiology; Keshavarz Blvd., Pour Sina St., Tehran, Iran, Tehran, Tehran 1417613151	Iran	Fard,R.M.N.,Yazdani,Z.M.	2021-08-05T00:00:00Z								Bacteriophage sp.		38018
LC644827.1			PARTIAL		Iran	Asia									Enterococcus faecium		1352					2019-03-11	Entfac.MY			162						2021-08-05T00:00:00Z		GenBank		Pathobiology; Keshavarz Blvd., Pour Sina St., Tehran, Iran, Tehran, Tehran 1417613151	Iran	Fard,R.M.N.,Yazdani,Z.M.	2021-08-05T00:00:00Z								Bacteriophage sp.		38018
LC644828.1			PARTIAL		Iran	Asia									Enterococcus faecium		1352					2019-03-11	Entfac.MY			813						2021-08-05T00:00:00Z		GenBank		Pathobiology; Keshavarz Blvd., Pour Sina St., Tehran, Iran, Tehran, Tehran 1417613151	Iran	Fard,R.M.N.,Yazdani,Z.M.	2021-08-05T00:00:00Z								Bacteriophage sp.		38018
LC644829.1			PARTIAL		Iran	Asia									Enterococcus faecium		1352					2019-03-11	Entfac.MY			732						2021-08-05T00:00:00Z		GenBank		Pathobiology; Keshavarz Blvd., Pour Sina St., Tehran, Iran, Tehran, Tehran 1417613151	Iran	Fard,R.M.N.,Yazdani,Z.M.	2021-08-05T00:00:00Z								Bacteriophage sp.		38018
LC644830.1			PARTIAL		Iran	Asia									Enterococcus faecium		1352					2019-03-11	Entfac.MY			78						2021-08-05T00:00:00Z		GenBank		Pathobiology; Keshavarz Blvd., Pour Sina St., Tehran, Iran, Tehran, Tehran 1417613151	Iran	Fard,R.M.N.,Yazdani,Z.M.	2021-08-05T00:00:00Z								Bacteriophage sp.		38018
LC644831.1			PARTIAL		Iran	Asia									Enterococcus faecium		1352					2019-03-11	Entfac.MY			924						2021-08-05T00:00:00Z		GenBank		Pathobiology; Keshavarz Blvd., Pour Sina St., Tehran, Iran, Tehran, Tehran 1417613151	Iran	Fard,R.M.N.,Yazdani,Z.M.	2021-08-05T00:00:00Z								Bacteriophage sp.		38018
LC644832.1			PARTIAL		Iran	Asia									Enterococcus faecium		1352					2019-03-11	Entfac.MY			723						2021-08-05T00:00:00Z		GenBank		Pathobiology; Keshavarz Blvd., Pour Sina St., Tehran, Iran, Tehran, Tehran 1417613151	Iran	Fard,R.M.N.,Yazdani,Z.M.	2021-08-05T00:00:00Z								Bacteriophage sp.		38018
LC644833.1			PARTIAL		Iran	Asia									Enterococcus faecium		1352					2019-03-11	Entfac.MY			513						2021-08-05T00:00:00Z		GenBank		Pathobiology; Keshavarz Blvd., Pour Sina St., Tehran, Iran, Tehran, Tehran 1417613151	Iran	Fard,R.M.N.,Yazdani,Z.M.	2021-08-05T00:00:00Z								Bacteriophage sp.		38018
LC644834.1			PARTIAL		Iran	Asia									Enterococcus faecium		1352					2019-03-11	Entfac.MY			282						2021-08-05T00:00:00Z		GenBank		Pathobiology; Keshavarz Blvd., Pour Sina St., Tehran, Iran, Tehran, Tehran 1417613151	Iran	Fard,R.M.N.,Yazdani,Z.M.	2021-08-05T00:00:00Z								Bacteriophage sp.		38018
LC644835.1			PARTIAL		Iran	Asia									Enterococcus faecium		1352					2019-03-11	Entfac.MY			609						2021-08-05T00:00:00Z		GenBank		Pathobiology; Keshavarz Blvd., Pour Sina St., Tehran, Iran, Tehran, Tehran 1417613151	Iran	Fard,R.M.N.,Yazdani,Z.M.	2021-08-05T00:00:00Z								Bacteriophage sp.		38018
LC644836.1			PARTIAL		Iran	Asia									Enterococcus faecium		1352					2019-03-11	Entfac.MY			825						2021-08-05T00:00:00Z		GenBank		Pathobiology; Keshavarz Blvd., Pour Sina St., Tehran, Iran, Tehran, Tehran 1417613151	Iran	Fard,R.M.N.,Yazdani,Z.M.	2021-08-05T00:00:00Z								Bacteriophage sp.		38018
LC644837.1			PARTIAL		Iran	Asia									Enterococcus faecium		1352					2019-03-11	Entfac.MY			293						2021-08-05T00:00:00Z		GenBank		Pathobiology; Keshavarz Blvd., Pour Sina St., Tehran, Iran, Tehran, Tehran 1417613151	Iran	Fard,R.M.N.,Yazdani,Z.M.	2021-08-05T00:00:00Z								Bacteriophage sp.		38018
LC644838.1			PARTIAL		Iran	Asia									Enterococcus faecium		1352					2019-03-11	Entfac.MY			396						2021-08-05T00:00:00Z		GenBank		Pathobiology; Keshavarz Blvd., Pour Sina St., Tehran, Iran, Tehran, Tehran 1417613151	Iran	Fard,R.M.N.,Yazdani,Z.M.	2021-08-05T00:00:00Z								Bacteriophage sp.		38018
LC644839.1			PARTIAL		Iran	Asia									Enterococcus faecium		1352					2019-03-11	Entfac.MY			471						2021-08-05T00:00:00Z		GenBank		Pathobiology; Keshavarz Blvd., Pour Sina St., Tehran, Iran, Tehran, Tehran 1417613151	Iran	Fard,R.M.N.,Yazdani,Z.M.	2021-08-05T00:00:00Z								Bacteriophage sp.		38018
LC644840.1			PARTIAL		Iran	Asia									Enterococcus faecium		1352					2019-03-11	Entfac.MY			624						2021-08-05T00:00:00Z		GenBank		Pathobiology; Keshavarz Blvd., Pour Sina St., Tehran, Iran, Tehran, Tehran 1417613151	Iran	Fard,R.M.N.,Yazdani,Z.M.	2021-08-05T00:00:00Z								Bacteriophage sp.		38018
LC644841.1			PARTIAL		Iran	Asia									Enterococcus faecium		1352					2019-03-11	Entfac.MY			726						2021-08-05T00:00:00Z		GenBank		Pathobiology; Keshavarz Blvd., Pour Sina St., Tehran, Iran, Tehran, Tehran 1417613151	Iran	Fard,R.M.N.,Yazdani,Z.M.	2021-08-05T00:00:00Z								Bacteriophage sp.		38018
LC644842.1			PARTIAL		Iran	Asia									Enterococcus faecium		1352					2019-03-11	Entfac.MY			216						2021-08-05T00:00:00Z		GenBank		Pathobiology; Keshavarz Blvd., Pour Sina St., Tehran, Iran, Tehran, Tehran 1417613151	Iran	Fard,R.M.N.,Yazdani,Z.M.	2021-08-05T00:00:00Z								Bacteriophage sp.		38018
LC644843.1			PARTIAL		Iran	Asia									Enterococcus faecium		1352					2019-03-11	Entfac.MY			696						2021-08-05T00:00:00Z		GenBank		Pathobiology; Keshavarz Blvd., Pour Sina St., Tehran, Iran, Tehran, Tehran 1417613151	Iran	Fard,R.M.N.,Yazdani,Z.M.	2021-08-05T00:00:00Z								Bacteriophage sp.		38018
LC644844.1			PARTIAL		Iran	Asia									Enterococcus faecium		1352					2019-03-11	Entfac.MY			639						2021-08-05T00:00:00Z		GenBank		Pathobiology; Keshavarz Blvd., Pour Sina St., Tehran, Iran, Tehran, Tehran 1417613151	Iran	Fard,R.M.N.,Yazdani,Z.M.	2021-08-05T00:00:00Z								Bacteriophage sp.		38018
LC644845.1			PARTIAL		Iran	Asia									Enterococcus faecium		1352					2019-03-11	Entfac.MY			192						2021-08-05T00:00:00Z		GenBank		Pathobiology; Keshavarz Blvd., Pour Sina St., Tehran, Iran, Tehran, Tehran 1417613151	Iran	Fard,R.M.N.,Yazdani,Z.M.	2021-08-05T00:00:00Z								Bacteriophage sp.		38018
LC644846.1			PARTIAL		Iran	Asia									Enterococcus faecium		1352					2019-03-11	Entfac.MY			657						2021-08-05T00:00:00Z		GenBank		Pathobiology; Keshavarz Blvd., Pour Sina St., Tehran, Iran, Tehran, Tehran 1417613151	Iran	Fard,R.M.N.,Yazdani,Z.M.	2021-08-05T00:00:00Z								Bacteriophage sp.		38018
LC644847.1			PARTIAL		Iran	Asia									Enterococcus faecium		1352					2019-03-11	Entfac.MY			627						2021-08-05T00:00:00Z		GenBank		Pathobiology; Keshavarz Blvd., Pour Sina St., Tehran, Iran, Tehran, Tehran 1417613151	Iran	Fard,R.M.N.,Yazdani,Z.M.	2021-08-05T00:00:00Z								Bacteriophage sp.		38018
LC644848.1			PARTIAL		Iran	Asia									Enterococcus faecium		1352					2019-03-11	Entfac.MY			606						2021-08-05T00:00:00Z		GenBank		Pathobiology; Keshavarz Blvd., Pour Sina St., Tehran, Iran, Tehran, Tehran 1417613151	Iran	Fard,R.M.N.,Yazdani,Z.M.	2021-08-05T00:00:00Z								Bacteriophage sp.		38018
LC644849.1			PARTIAL		Iran	Asia									Enterococcus faecium		1352					2019-03-11	Entfac.MY			435						2021-08-05T00:00:00Z		GenBank		Pathobiology; Keshavarz Blvd., Pour Sina St., Tehran, Iran, Tehran, Tehran 1417613151	Iran	Fard,R.M.N.,Yazdani,Z.M.	2021-08-05T00:00:00Z								Bacteriophage sp.		38018
LC644850.1			PARTIAL		Iran	Asia									Enterococcus faecium		1352					2019-03-11	Entfac.MY			276						2021-08-05T00:00:00Z		GenBank		Pathobiology; Keshavarz Blvd., Pour Sina St., Tehran, Iran, Tehran, Tehran 1417613151	Iran	Fard,R.M.N.,Yazdani,Z.M.	2021-08-05T00:00:00Z								Bacteriophage sp.		38018
LC644851.1			PARTIAL		Iran	Asia									Enterococcus faecium		1352					2019-03-11	Entfac.MY			282						2021-08-05T00:00:00Z		GenBank		Pathobiology; Keshavarz Blvd., Pour Sina St., Tehran, Iran, Tehran, Tehran 1417613151	Iran	Fard,R.M.N.,Yazdani,Z.M.	2021-08-05T00:00:00Z								Bacteriophage sp.		38018
LC644852.1			PARTIAL		Iran	Asia									Enterococcus faecium		1352					2019-03-11	Entfac.MY			84						2021-08-05T00:00:00Z		GenBank		Pathobiology; Keshavarz Blvd., Pour Sina St., Tehran, Iran, Tehran, Tehran 1417613151	Iran	Fard,R.M.N.,Yazdani,Z.M.	2021-08-05T00:00:00Z								Bacteriophage sp.		38018
LC644853.1			PARTIAL		Iran	Asia									Enterococcus faecium		1352					2019-03-11	Entfac.MY			252						2021-08-05T00:00:00Z		GenBank		Pathobiology; Keshavarz Blvd., Pour Sina St., Tehran, Iran, Tehran, Tehran 1417613151	Iran	Fard,R.M.N.,Yazdani,Z.M.	2021-08-05T00:00:00Z								Bacteriophage sp.		38018
LC644854.1			PARTIAL		Iran	Asia									Enterococcus faecium		1352					2019-03-11	Entfac.MY			108						2021-08-05T00:00:00Z		GenBank		Pathobiology; Keshavarz Blvd., Pour Sina St., Tehran, Iran, Tehran, Tehran 1417613151	Iran	Fard,R.M.N.,Yazdani,Z.M.	2021-08-05T00:00:00Z								Bacteriophage sp.		38018
LC644855.1			PARTIAL		Iran	Asia									Enterococcus faecium		1352					2019-03-11	Entfac.MY			222						2021-08-05T00:00:00Z		GenBank		Pathobiology; Keshavarz Blvd., Pour Sina St., Tehran, Iran, Tehran, Tehran 1417613151	Iran	Fard,R.M.N.,Yazdani,Z.M.	2021-08-05T00:00:00Z								Bacteriophage sp.		38018
LC644856.1			PARTIAL		Iran	Asia									Enterococcus faecium		1352					2019-03-11	Entfac.MY			441						2021-08-05T00:00:00Z		GenBank		Pathobiology; Keshavarz Blvd., Pour Sina St., Tehran, Iran, Tehran, Tehran 1417613151	Iran	Fard,R.M.N.,Yazdani,Z.M.	2021-08-05T00:00:00Z								Bacteriophage sp.		38018
LC644857.1			PARTIAL		Iran	Asia									Enterococcus faecium		1352					2019-03-11	Entfac.MY			438						2021-08-05T00:00:00Z		GenBank		Pathobiology; Keshavarz Blvd., Pour Sina St., Tehran, Iran, Tehran, Tehran 1417613151	Iran	Fard,R.M.N.,Yazdani,Z.M.	2021-08-05T00:00:00Z								Bacteriophage sp.		38018
LC644858.1			PARTIAL		Iran	Asia									Enterococcus faecium		1352					2019-03-11	Entfac.MY			207						2021-08-05T00:00:00Z		GenBank		Pathobiology; Keshavarz Blvd., Pour Sina St., Tehran, Iran, Tehran, Tehran 1417613151	Iran	Fard,R.M.N.,Yazdani,Z.M.	2021-08-05T00:00:00Z								Bacteriophage sp.		38018
LC644859.1			PARTIAL		Iran	Asia									Enterococcus faecium		1352					2019-03-11	Entfac.MY			402						2021-08-05T00:00:00Z		GenBank		Pathobiology; Keshavarz Blvd., Pour Sina St., Tehran, Iran, Tehran, Tehran 1417613151	Iran	Fard,R.M.N.,Yazdani,Z.M.	2021-08-05T00:00:00Z								Bacteriophage sp.		38018
LC644860.1			PARTIAL		Iran	Asia									Enterococcus faecium		1352					2019-03-11	Entfac.MY			189						2021-08-05T00:00:00Z		GenBank		Pathobiology; Keshavarz Blvd., Pour Sina St., Tehran, Iran, Tehran, Tehran 1417613151	Iran	Fard,R.M.N.,Yazdani,Z.M.	2021-08-05T00:00:00Z								Bacteriophage sp.		38018
LC644861.1			PARTIAL		Iran	Asia									Enterococcus faecium		1352					2019-03-11	Entfac.MY			390						2021-08-05T00:00:00Z		GenBank		Pathobiology; Keshavarz Blvd., Pour Sina St., Tehran, Iran, Tehran, Tehran 1417613151	Iran	Fard,R.M.N.,Yazdani,Z.M.	2021-08-05T00:00:00Z								Bacteriophage sp.		38018
LC644862.1			PARTIAL		Iran	Asia									Enterococcus faecium		1352					2019-03-11	Entfac.MY			138						2021-08-05T00:00:00Z		GenBank		Pathobiology; Keshavarz Blvd., Pour Sina St., Tehran, Iran, Tehran, Tehran 1417613151	Iran	Fard,R.M.N.,Yazdani,Z.M.	2021-08-05T00:00:00Z								Bacteriophage sp.		38018
LC644863.1			PARTIAL		Iran	Asia									Enterococcus faecium		1352					2019-03-11	Entfac.MY			363						2021-08-05T00:00:00Z		GenBank		Pathobiology; Keshavarz Blvd., Pour Sina St., Tehran, Iran, Tehran, Tehran 1417613151	Iran	Fard,R.M.N.,Yazdani,Z.M.	2021-08-05T00:00:00Z								Bacteriophage sp.		38018
LC644864.1			PARTIAL		Iran	Asia									Enterococcus faecium		1352					2019-03-11	Entfac.MY			207						2021-08-05T00:00:00Z		GenBank		Pathobiology; Keshavarz Blvd., Pour Sina St., Tehran, Iran, Tehran, Tehran 1417613151	Iran	Fard,R.M.N.,Yazdani,Z.M.	2021-08-05T00:00:00Z								Bacteriophage sp.		38018
LC644865.1			PARTIAL		Iran	Asia									Enterococcus faecium		1352					2019-03-11	Entfac.MY			282						2021-08-05T00:00:00Z		GenBank		Pathobiology; Keshavarz Blvd., Pour Sina St., Tehran, Iran, Tehran, Tehran 1417613151	Iran	Fard,R.M.N.,Yazdani,Z.M.	2021-08-05T00:00:00Z								Bacteriophage sp.		38018
LC644866.1			PARTIAL		Iran	Asia									Enterococcus faecium		1352					2019-03-11	Entfac.MY			309						2021-08-05T00:00:00Z		GenBank		Pathobiology; Keshavarz Blvd., Pour Sina St., Tehran, Iran, Tehran, Tehran 1417613151	Iran	Fard,R.M.N.,Yazdani,Z.M.	2021-08-05T00:00:00Z								Bacteriophage sp.		38018
LC644867.1			PARTIAL		Iran	Asia									Enterococcus faecium		1352					2019-03-11	Entfac.MY			300						2021-08-05T00:00:00Z		GenBank		Pathobiology; Keshavarz Blvd., Pour Sina St., Tehran, Iran, Tehran, Tehran 1417613151	Iran	Fard,R.M.N.,Yazdani,Z.M.	2021-08-05T00:00:00Z								Bacteriophage sp.		38018
LC644868.1			PARTIAL		Iran	Asia									Enterococcus faecium		1352					2019-03-11	Entfac.MY			345						2021-08-05T00:00:00Z		GenBank		Pathobiology; Keshavarz Blvd., Pour Sina St., Tehran, Iran, Tehran, Tehran 1417613151	Iran	Fard,R.M.N.,Yazdani,Z.M.	2021-08-05T00:00:00Z								Bacteriophage sp.		38018
LC644869.1			PARTIAL		Iran	Asia									Enterococcus faecium		1352					2019-03-11	Entfac.MY			78						2021-08-05T00:00:00Z		GenBank		Pathobiology; Keshavarz Blvd., Pour Sina St., Tehran, Iran, Tehran, Tehran 1417613151	Iran	Fard,R.M.N.,Yazdani,Z.M.	2021-08-05T00:00:00Z								Bacteriophage sp.		38018
LC644870.1			PARTIAL		Iran	Asia									Enterococcus faecium		1352					2019-03-11	Entfac.MY			330						2021-08-05T00:00:00Z		GenBank		Pathobiology; Keshavarz Blvd., Pour Sina St., Tehran, Iran, Tehran, Tehran 1417613151	Iran	Fard,R.M.N.,Yazdani,Z.M.	2021-08-05T00:00:00Z								Bacteriophage sp.		38018
LC644871.1			PARTIAL		Iran	Asia									Enterococcus faecium		1352					2019-03-11	Entfac.MY			306						2021-08-05T00:00:00Z		GenBank		Pathobiology; Keshavarz Blvd., Pour Sina St., Tehran, Iran, Tehran, Tehran 1417613151	Iran	Fard,R.M.N.,Yazdani,Z.M.	2021-08-05T00:00:00Z								Bacteriophage sp.		38018
LC644872.1			PARTIAL		Iran	Asia									Enterococcus faecium		1352					2019-03-11	Entfac.MY			234						2021-08-05T00:00:00Z		GenBank		Pathobiology; Keshavarz Blvd., Pour Sina St., Tehran, Iran, Tehran, Tehran 1417613151	Iran	Fard,R.M.N.,Yazdani,Z.M.	2021-08-05T00:00:00Z								Bacteriophage sp.		38018
LC644873.1			PARTIAL		Iran	Asia									Enterococcus faecium		1352					2019-03-11	Entfac.MY			285						2021-08-05T00:00:00Z		GenBank		Pathobiology; Keshavarz Blvd., Pour Sina St., Tehran, Iran, Tehran, Tehran 1417613151	Iran	Fard,R.M.N.,Yazdani,Z.M.	2021-08-05T00:00:00Z								Bacteriophage sp.		38018
LC644874.1			PARTIAL		Iran	Asia									Enterococcus faecium		1352					2019-03-11	Entfac.MY			261						2021-08-05T00:00:00Z		GenBank		Pathobiology; Keshavarz Blvd., Pour Sina St., Tehran, Iran, Tehran, Tehran 1417613151	Iran	Fard,R.M.N.,Yazdani,Z.M.	2021-08-05T00:00:00Z								Bacteriophage sp.		38018
LC644875.1			PARTIAL		Iran	Asia									Enterococcus faecium		1352					2019-03-11	Entfac.MY			69						2021-08-05T00:00:00Z		GenBank		Pathobiology; Keshavarz Blvd., Pour Sina St., Tehran, Iran, Tehran, Tehran 1417613151	Iran	Fard,R.M.N.,Yazdani,Z.M.	2021-08-05T00:00:00Z								Bacteriophage sp.		38018
LC644876.1			PARTIAL		Iran	Asia									Enterococcus faecium		1352					2019-03-11	Entfac.MY			243						2021-08-05T00:00:00Z		GenBank		Pathobiology; Keshavarz Blvd., Pour Sina St., Tehran, Iran, Tehran, Tehran 1417613151	Iran	Fard,R.M.N.,Yazdani,Z.M.	2021-08-05T00:00:00Z								Bacteriophage sp.		38018
LC644877.1			PARTIAL		Iran	Asia									Enterococcus faecium		1352					2019-03-11	Entfac.MY			234						2021-08-05T00:00:00Z		GenBank		Pathobiology; Keshavarz Blvd., Pour Sina St., Tehran, Iran, Tehran, Tehran 1417613151	Iran	Fard,R.M.N.,Yazdani,Z.M.	2021-08-05T00:00:00Z								Bacteriophage sp.		38018
LC644878.1			PARTIAL		Iran	Asia									Enterococcus faecium		1352					2019-03-11	Entfac.MY			225						2021-08-05T00:00:00Z		GenBank		Pathobiology; Keshavarz Blvd., Pour Sina St., Tehran, Iran, Tehran, Tehran 1417613151	Iran	Fard,R.M.N.,Yazdani,Z.M.	2021-08-05T00:00:00Z								Bacteriophage sp.		38018
LC644879.1			PARTIAL		Iran	Asia									Enterococcus faecium		1352					2019-03-11	Entfac.MY			228						2021-08-05T00:00:00Z		GenBank		Pathobiology; Keshavarz Blvd., Pour Sina St., Tehran, Iran, Tehran, Tehran 1417613151	Iran	Fard,R.M.N.,Yazdani,Z.M.	2021-08-05T00:00:00Z								Bacteriophage sp.		38018
LC644880.1			PARTIAL		Iran	Asia									Enterococcus faecium		1352					2019-03-11	Entfac.MY			381						2021-08-05T00:00:00Z		GenBank		Pathobiology; Keshavarz Blvd., Pour Sina St., Tehran, Iran, Tehran, Tehran 1417613151	Iran	Fard,R.M.N.,Yazdani,Z.M.	2021-08-05T00:00:00Z								Bacteriophage sp.		38018
LC644881.1			PARTIAL		Iran	Asia									Enterococcus faecium		1352					2019-03-11	Entfac.MY			1230						2021-08-05T00:00:00Z		GenBank		Pathobiology; Keshavarz Blvd., Pour Sina St., Tehran, Iran, Tehran, Tehran 1417613151	Iran	Fard,R.M.N.,Yazdani,Z.M.	2021-08-05T00:00:00Z								Bacteriophage sp.		38018
LC644882.1			PARTIAL		Iran	Asia									Enterococcus faecium		1352					2019-03-11	Entfac.MY			2310						2021-08-05T00:00:00Z		GenBank		Pathobiology; Keshavarz Blvd., Pour Sina St., Tehran, Iran, Tehran, Tehran 1417613151	Iran	Fard,R.M.N.,Yazdani,Z.M.	2021-08-05T00:00:00Z								Bacteriophage sp.		38018
LC644883.1			PARTIAL		Iran	Asia									Enterococcus faecium		1352					2019-03-11	Entfac.MY			1911						2021-08-05T00:00:00Z		GenBank		Pathobiology; Keshavarz Blvd., Pour Sina St., Tehran, Iran, Tehran, Tehran 1417613151	Iran	Fard,R.M.N.,Yazdani,Z.M.	2021-08-05T00:00:00Z								Bacteriophage sp.		38018
LC644884.1			PARTIAL		Iran	Asia									Enterococcus faecium		1352					2019-03-11	Entfac.MY			138						2021-08-05T00:00:00Z		GenBank		Pathobiology; Keshavarz Blvd., Pour Sina St., Tehran, Iran, Tehran, Tehran 1417613151	Iran	Fard,R.M.N.,Yazdani,Z.M.	2021-08-05T00:00:00Z								Bacteriophage sp.		38018
LC644885.1			PARTIAL		Iran	Asia									Enterococcus faecium		1352					2019-03-11	Entfac.MY			396						2021-08-05T00:00:00Z		GenBank		Pathobiology; Keshavarz Blvd., Pour Sina St., Tehran, Iran, Tehran, Tehran 1417613151	Iran	Fard,R.M.N.,Yazdani,Z.M.	2021-08-05T00:00:00Z								Bacteriophage sp.		38018
LC644886.1			PARTIAL		Iran	Asia									Enterococcus faecium		1352					2019-03-11	Entfac.MY			2313						2021-08-05T00:00:00Z		GenBank		Pathobiology; Keshavarz Blvd., Pour Sina St., Tehran, Iran, Tehran, Tehran 1417613151	Iran	Fard,R.M.N.,Yazdani,Z.M.	2021-08-05T00:00:00Z								Bacteriophage sp.		38018
LC644887.1			PARTIAL		Iran	Asia									Enterococcus faecium		1352					2019-03-11	Entfac.MY			225						2021-08-05T00:00:00Z		GenBank		Pathobiology; Keshavarz Blvd., Pour Sina St., Tehran, Iran, Tehran, Tehran 1417613151	Iran	Fard,R.M.N.,Yazdani,Z.M.	2021-08-05T00:00:00Z								Bacteriophage sp.		38018
LC644888.1			PARTIAL		Iran	Asia									Enterococcus faecium		1352					2019-03-11	Entfac.MY			834						2021-08-05T00:00:00Z		GenBank		Pathobiology; Keshavarz Blvd., Pour Sina St., Tehran, Iran, Tehran, Tehran 1417613151	Iran	Fard,R.M.N.,Yazdani,Z.M.	2021-08-05T00:00:00Z								Bacteriophage sp.		38018
LC644889.1			PARTIAL		Iran	Asia									Enterococcus faecium		1352					2019-03-11	Entfac.MY			1296						2021-08-05T00:00:00Z		GenBank		Pathobiology; Keshavarz Blvd., Pour Sina St., Tehran, Iran, Tehran, Tehran 1417613151	Iran	Fard,R.M.N.,Yazdani,Z.M.	2021-08-05T00:00:00Z								Bacteriophage sp.		38018
LC644890.1			PARTIAL		Iran	Asia									Enterococcus faecium		1352					2019-03-11	Entfac.MY			1182						2021-08-05T00:00:00Z		GenBank		Pathobiology; Keshavarz Blvd., Pour Sina St., Tehran, Iran, Tehran, Tehran 1417613151	Iran	Fard,R.M.N.,Yazdani,Z.M.	2021-08-05T00:00:00Z								Bacteriophage sp.		38018
LC644891.1			PARTIAL		Iran	Asia									Enterococcus faecium		1352					2019-03-11	Entfac.MY			1359						2021-08-05T00:00:00Z		GenBank		Pathobiology; Keshavarz Blvd., Pour Sina St., Tehran, Iran, Tehran, Tehran 1417613151	Iran	Fard,R.M.N.,Yazdani,Z.M.	2021-08-05T00:00:00Z								Bacteriophage sp.		38018
LC644892.1			PARTIAL		Iran	Asia									Enterococcus faecium		1352					2019-03-11	Entfac.MY			159						2021-08-05T00:00:00Z		GenBank		Pathobiology; Keshavarz Blvd., Pour Sina St., Tehran, Iran, Tehran, Tehran 1417613151	Iran	Fard,R.M.N.,Yazdani,Z.M.	2021-08-05T00:00:00Z								Bacteriophage sp.		38018
LC644893.1			PARTIAL		Iran	Asia									Enterococcus faecium		1352					2019-03-11	Entfac.MY			249						2021-08-05T00:00:00Z		GenBank		Pathobiology; Keshavarz Blvd., Pour Sina St., Tehran, Iran, Tehran, Tehran 1417613151	Iran	Fard,R.M.N.,Yazdani,Z.M.	2021-08-05T00:00:00Z								Bacteriophage sp.		38018
LC644894.1			PARTIAL		Iran	Asia									Enterococcus faecium		1352					2019-03-11	Entfac.MY			186						2021-08-05T00:00:00Z		GenBank		Pathobiology; Keshavarz Blvd., Pour Sina St., Tehran, Iran, Tehran, Tehran 1417613151	Iran	Fard,R.M.N.,Yazdani,Z.M.	2021-08-05T00:00:00Z								Bacteriophage sp.		38018
LC644895.1			PARTIAL		Iran	Asia									Enterococcus faecium		1352					2019-03-11	Entfac.MY			300						2021-08-05T00:00:00Z		GenBank		Pathobiology; Keshavarz Blvd., Pour Sina St., Tehran, Iran, Tehran, Tehran 1417613151	Iran	Fard,R.M.N.,Yazdani,Z.M.	2021-08-05T00:00:00Z								Bacteriophage sp.		38018
LC644896.1			PARTIAL		Iran	Asia									Enterococcus faecium		1352					2019-03-11	Entfac.MY			309						2021-08-05T00:00:00Z		GenBank		Pathobiology; Keshavarz Blvd., Pour Sina St., Tehran, Iran, Tehran, Tehran 1417613151	Iran	Fard,R.M.N.,Yazdani,Z.M.	2021-08-05T00:00:00Z								Bacteriophage sp.		38018
LC644897.1			PARTIAL		Iran	Asia									Enterococcus faecium		1352					2019-03-11	Entfac.MY			1022						2021-08-05T00:00:00Z		GenBank		Pathobiology; Keshavarz Blvd., Pour Sina St., Tehran, Iran, Tehran, Tehran 1417613151	Iran	Fard,R.M.N.,Yazdani,Z.M.	2021-08-05T00:00:00Z								Bacteriophage sp.		38018
LC644898.1			PARTIAL		Iran	Asia									Enterococcus faecium		1352					2019-03-11	Entfac.MY			534						2021-08-05T00:00:00Z		GenBank		Pathobiology; Keshavarz Blvd., Pour Sina St., Tehran, Iran, Tehran, Tehran 1417613151	Iran	Fard,R.M.N.,Yazdani,Z.M.	2021-08-05T00:00:00Z								Bacteriophage sp.		38018
LC644899.1			PARTIAL		Iran	Asia									Enterococcus faecium		1352					2019-03-11	Entfac.MY			840						2021-08-05T00:00:00Z		GenBank		Pathobiology; Keshavarz Blvd., Pour Sina St., Tehran, Iran, Tehran, Tehran 1417613151	Iran	Fard,R.M.N.,Yazdani,Z.M.	2021-08-05T00:00:00Z								Bacteriophage sp.		38018
LC644900.1			PARTIAL		Iran	Asia									Enterococcus faecium		1352					2019-03-11	Entfac.MY			738						2021-08-05T00:00:00Z		GenBank		Pathobiology; Keshavarz Blvd., Pour Sina St., Tehran, Iran, Tehran, Tehran 1417613151	Iran	Fard,R.M.N.,Yazdani,Z.M.	2021-08-05T00:00:00Z								Bacteriophage sp.		38018
LC644901.1			PARTIAL		Iran	Asia									Enterococcus faecium		1352					2019-03-11	Entfac.MY			255						2021-08-05T00:00:00Z		GenBank		Pathobiology; Keshavarz Blvd., Pour Sina St., Tehran, Iran, Tehran, Tehran 1417613151	Iran	Fard,R.M.N.,Yazdani,Z.M.	2021-08-05T00:00:00Z								Bacteriophage sp.		38018
LC644902.1			PARTIAL		Iran	Asia									Enterococcus faecium		1352					2019-03-11	Entfac.MY			591						2021-08-05T00:00:00Z		GenBank		Pathobiology; Keshavarz Blvd., Pour Sina St., Tehran, Iran, Tehran, Tehran 1417613151	Iran	Fard,R.M.N.,Yazdani,Z.M.	2021-08-05T00:00:00Z								Bacteriophage sp.		38018
LC644903.1			PARTIAL		Iran	Asia									Enterococcus faecium		1352					2019-03-11	Entfac.MY			216						2021-08-05T00:00:00Z		GenBank		Pathobiology; Keshavarz Blvd., Pour Sina St., Tehran, Iran, Tehran, Tehran 1417613151	Iran	Fard,R.M.N.,Yazdani,Z.M.	2021-08-05T00:00:00Z								Bacteriophage sp.		38018
LC644904.1			PARTIAL		Iran	Asia									Enterococcus faecium		1352					2019-03-11	Entfac.MY			138						2021-08-05T00:00:00Z		GenBank		Pathobiology; Keshavarz Blvd., Pour Sina St., Tehran, Iran, Tehran, Tehran 1417613151	Iran	Fard,R.M.N.,Yazdani,Z.M.	2021-08-05T00:00:00Z								Bacteriophage sp.		38018
LC644905.1			PARTIAL		Iran	Asia									Enterococcus faecium		1352					2019-03-11	Entfac.MY			183						2021-08-05T00:00:00Z		GenBank		Pathobiology; Keshavarz Blvd., Pour Sina St., Tehran, Iran, Tehran, Tehran 1417613151	Iran	Fard,R.M.N.,Yazdani,Z.M.	2021-08-05T00:00:00Z								Bacteriophage sp.		38018
LC644906.1			PARTIAL		Iran	Asia									Enterococcus faecium		1352					2019-03-11	Entfac.MY			147						2021-08-05T00:00:00Z		GenBank		Pathobiology; Keshavarz Blvd., Pour Sina St., Tehran, Iran, Tehran, Tehran 1417613151	Iran	Fard,R.M.N.,Yazdani,Z.M.	2021-08-05T00:00:00Z								Bacteriophage sp.		38018
LC644907.1			PARTIAL		Iran	Asia									Enterococcus faecium		1352					2019-03-11	Entfac.MY			294						2021-08-05T00:00:00Z		GenBank		Pathobiology; Keshavarz Blvd., Pour Sina St., Tehran, Iran, Tehran, Tehran 1417613151	Iran	Fard,R.M.N.,Yazdani,Z.M.	2021-08-05T00:00:00Z								Bacteriophage sp.		38018
LC644908.1			PARTIAL		Iran	Asia									Enterococcus faecium		1352					2019-03-11	Entfac.MY			363						2021-08-05T00:00:00Z		GenBank		Pathobiology; Keshavarz Blvd., Pour Sina St., Tehran, Iran, Tehran, Tehran 1417613151	Iran	Fard,R.M.N.,Yazdani,Z.M.	2021-08-05T00:00:00Z								Bacteriophage sp.		38018
LC644909.1			PARTIAL		Iran	Asia									Enterococcus faecium		1352					2019-03-11	Entfac.MY			591						2021-08-05T00:00:00Z		GenBank		Pathobiology; Keshavarz Blvd., Pour Sina St., Tehran, Iran, Tehran, Tehran 1417613151	Iran	Fard,R.M.N.,Yazdani,Z.M.	2021-08-05T00:00:00Z								Bacteriophage sp.		38018
LC644910.1			PARTIAL		Iran	Asia									Enterococcus faecium		1352					2019-03-11	Entfac.MY			321						2021-08-05T00:00:00Z		GenBank		Pathobiology; Keshavarz Blvd., Pour Sina St., Tehran, Iran, Tehran, Tehran 1417613151	Iran	Fard,R.M.N.,Yazdani,Z.M.	2021-08-05T00:00:00Z								Bacteriophage sp.		38018
LC644911.1			PARTIAL		Iran	Asia									Enterococcus faecium		1352					2019-03-11	Entfac.MY			570						2021-08-05T00:00:00Z		GenBank		Pathobiology; Keshavarz Blvd., Pour Sina St., Tehran, Iran, Tehran, Tehran 1417613151	Iran	Fard,R.M.N.,Yazdani,Z.M.	2021-08-05T00:00:00Z								Bacteriophage sp.		38018
LC644912.1			PARTIAL		Iran	Asia									Enterococcus faecium		1352					2019-03-11	Entfac.MY			693						2021-08-05T00:00:00Z		GenBank		Pathobiology; Keshavarz Blvd., Pour Sina St., Tehran, Iran, Tehran, Tehran 1417613151	Iran	Fard,R.M.N.,Yazdani,Z.M.	2021-08-05T00:00:00Z								Bacteriophage sp.		38018
LC644913.1			PARTIAL		Iran	Asia									Enterococcus faecium		1352					2019-03-11	Entfac.MY			681						2021-08-05T00:00:00Z		GenBank		Pathobiology; Keshavarz Blvd., Pour Sina St., Tehran, Iran, Tehran, Tehran 1417613151	Iran	Fard,R.M.N.,Yazdani,Z.M.	2021-08-05T00:00:00Z								Bacteriophage sp.		38018
LC644914.1			PARTIAL		Iran	Asia									Enterococcus faecium		1352					2019-03-11	Entfac.MY			114						2021-08-05T00:00:00Z		GenBank		Pathobiology; Keshavarz Blvd., Pour Sina St., Tehran, Iran, Tehran, Tehran 1417613151	Iran	Fard,R.M.N.,Yazdani,Z.M.	2021-08-05T00:00:00Z								Bacteriophage sp.		38018
LC644915.1			PARTIAL		Iran	Asia									Enterococcus faecium		1352					2019-03-11	Entfac.MY			474						2021-08-05T00:00:00Z		GenBank		Pathobiology; Keshavarz Blvd., Pour Sina St., Tehran, Iran, Tehran, Tehran 1417613151	Iran	Fard,R.M.N.,Yazdani,Z.M.	2021-08-05T00:00:00Z								Bacteriophage sp.		38018
LC644916.1			PARTIAL		Iran	Asia									Enterococcus faecium		1352					2019-03-11	Entfac.MY			615						2021-08-05T00:00:00Z		GenBank		Pathobiology; Keshavarz Blvd., Pour Sina St., Tehran, Iran, Tehran, Tehran 1417613151	Iran	Fard,R.M.N.,Yazdani,Z.M.	2021-08-05T00:00:00Z								Bacteriophage sp.		38018
LC644917.1			PARTIAL		Iran	Asia									Enterococcus faecium		1352					2019-03-11	Entfac.MY			102						2021-08-05T00:00:00Z		GenBank		Pathobiology; Keshavarz Blvd., Pour Sina St., Tehran, Iran, Tehran, Tehran 1417613151	Iran	Fard,R.M.N.,Yazdani,Z.M.	2021-08-05T00:00:00Z								Bacteriophage sp.		38018
LC644918.1			PARTIAL		Iran	Asia									Enterococcus faecium		1352					2019-03-11	Entfac.MY			600						2021-08-05T00:00:00Z		GenBank		Pathobiology; Keshavarz Blvd., Pour Sina St., Tehran, Iran, Tehran, Tehran 1417613151	Iran	Fard,R.M.N.,Yazdani,Z.M.	2021-08-05T00:00:00Z								Bacteriophage sp.		38018
LC644919.1			PARTIAL		Iran	Asia									Enterococcus faecium		1352					2019-03-11	Entfac.MY			585						2021-08-05T00:00:00Z		GenBank		Pathobiology; Keshavarz Blvd., Pour Sina St., Tehran, Iran, Tehran, Tehran 1417613151	Iran	Fard,R.M.N.,Yazdani,Z.M.	2021-08-05T00:00:00Z								Bacteriophage sp.		38018
LC644920.1			PARTIAL		Iran	Asia									Enterococcus faecium		1352					2019-03-11	Entfac.MY			570						2021-08-05T00:00:00Z		GenBank		Pathobiology; Keshavarz Blvd., Pour Sina St., Tehran, Iran, Tehran, Tehran 1417613151	Iran	Fard,R.M.N.,Yazdani,Z.M.	2021-08-05T00:00:00Z								Bacteriophage sp.		38018
LC644921.1			PARTIAL		Iran	Asia									Enterococcus faecium		1352					2019-03-11	Entfac.MY			564						2021-08-05T00:00:00Z		GenBank		Pathobiology; Keshavarz Blvd., Pour Sina St., Tehran, Iran, Tehran, Tehran 1417613151	Iran	Fard,R.M.N.,Yazdani,Z.M.	2021-08-05T00:00:00Z								Bacteriophage sp.		38018
LC644922.1			PARTIAL		Iran	Asia									Enterococcus faecium		1352					2019-03-11	Entfac.MY			291						2021-08-05T00:00:00Z		GenBank		Pathobiology; Keshavarz Blvd., Pour Sina St., Tehran, Iran, Tehran, Tehran 1417613151	Iran	Fard,R.M.N.,Yazdani,Z.M.	2021-08-05T00:00:00Z								Bacteriophage sp.		38018
LC644923.1			PARTIAL		Iran	Asia									Enterococcus faecium		1352					2019-03-11	Entfac.MY			264						2021-08-05T00:00:00Z		GenBank		Pathobiology; Keshavarz Blvd., Pour Sina St., Tehran, Iran, Tehran, Tehran 1417613151	Iran	Fard,R.M.N.,Yazdani,Z.M.	2021-08-05T00:00:00Z								Bacteriophage sp.		38018
LC644924.1			PARTIAL		Iran	Asia									Enterococcus faecium		1352					2019-03-11	Entfac.MY			495						2021-08-05T00:00:00Z		GenBank		Pathobiology; Keshavarz Blvd., Pour Sina St., Tehran, Iran, Tehran, Tehran 1417613151	Iran	Fard,R.M.N.,Yazdani,Z.M.	2021-08-05T00:00:00Z								Bacteriophage sp.		38018
LC644925.1			PARTIAL		Iran	Asia									Enterococcus faecium		1352					2019-03-11	Entfac.MY			459						2021-08-05T00:00:00Z		GenBank		Pathobiology; Keshavarz Blvd., Pour Sina St., Tehran, Iran, Tehran, Tehran 1417613151	Iran	Fard,R.M.N.,Yazdani,Z.M.	2021-08-05T00:00:00Z								Bacteriophage sp.		38018
LC644926.1			PARTIAL		Iran	Asia									Enterococcus faecium		1352					2019-03-11	Entfac.MY			231						2021-08-05T00:00:00Z		GenBank		Pathobiology; Keshavarz Blvd., Pour Sina St., Tehran, Iran, Tehran, Tehran 1417613151	Iran	Fard,R.M.N.,Yazdani,Z.M.	2021-08-05T00:00:00Z								Bacteriophage sp.		38018
LC644927.1			PARTIAL		Iran	Asia									Enterococcus faecium		1352					2019-03-11	Entfac.MY			192						2021-08-05T00:00:00Z		GenBank		Pathobiology; Keshavarz Blvd., Pour Sina St., Tehran, Iran, Tehran, Tehran 1417613151	Iran	Fard,R.M.N.,Yazdani,Z.M.	2021-08-05T00:00:00Z								Bacteriophage sp.		38018
LC644928.1			PARTIAL		Iran	Asia									Enterococcus faecium		1352					2019-03-11	Entfac.MY			342						2021-08-05T00:00:00Z		GenBank		Pathobiology; Keshavarz Blvd., Pour Sina St., Tehran, Iran, Tehran, Tehran 1417613151	Iran	Fard,R.M.N.,Yazdani,Z.M.	2021-08-05T00:00:00Z								Bacteriophage sp.		38018
LC644929.1			PARTIAL		Iran	Asia									Enterococcus faecium		1352					2019-03-11	Entfac.MY			243						2021-08-05T00:00:00Z		GenBank		Pathobiology; Keshavarz Blvd., Pour Sina St., Tehran, Iran, Tehran, Tehran 1417613151	Iran	Fard,R.M.N.,Yazdani,Z.M.	2021-08-05T00:00:00Z								Bacteriophage sp.		38018
LC644930.1			PARTIAL		Iran	Asia									Enterococcus faecium		1352					2019-03-11	Entfac.MY			414						2021-08-05T00:00:00Z		GenBank		Pathobiology; Keshavarz Blvd., Pour Sina St., Tehran, Iran, Tehran, Tehran 1417613151	Iran	Fard,R.M.N.,Yazdani,Z.M.	2021-08-05T00:00:00Z								Bacteriophage sp.		38018
LC644931.1			PARTIAL		Iran	Asia									Enterococcus faecium		1352					2019-03-11	Entfac.MY			225						2021-08-05T00:00:00Z		GenBank		Pathobiology; Keshavarz Blvd., Pour Sina St., Tehran, Iran, Tehran, Tehran 1417613151	Iran	Fard,R.M.N.,Yazdani,Z.M.	2021-08-05T00:00:00Z								Bacteriophage sp.		38018
LC644932.1			PARTIAL		Iran	Asia									Enterococcus faecium		1352					2019-03-11	Entfac.MY			357						2021-08-05T00:00:00Z		GenBank		Pathobiology; Keshavarz Blvd., Pour Sina St., Tehran, Iran, Tehran, Tehran 1417613151	Iran	Fard,R.M.N.,Yazdani,Z.M.	2021-08-05T00:00:00Z								Bacteriophage sp.		38018
LC644933.1			PARTIAL		Iran	Asia									Enterococcus faecium		1352					2019-03-11	Entfac.MY			360						2021-08-05T00:00:00Z		GenBank		Pathobiology; Keshavarz Blvd., Pour Sina St., Tehran, Iran, Tehran, Tehran 1417613151	Iran	Fard,R.M.N.,Yazdani,Z.M.	2021-08-05T00:00:00Z								Bacteriophage sp.		38018
LC644934.1			PARTIAL		Iran	Asia									Enterococcus faecium		1352					2019-03-11	Entfac.MY			351						2021-08-05T00:00:00Z		GenBank		Pathobiology; Keshavarz Blvd., Pour Sina St., Tehran, Iran, Tehran, Tehran 1417613151	Iran	Fard,R.M.N.,Yazdani,Z.M.	2021-08-05T00:00:00Z								Bacteriophage sp.		38018
LC644935.1			PARTIAL		Iran	Asia									Enterococcus faecium		1352					2019-03-11	Entfac.MY			258						2021-08-05T00:00:00Z		GenBank		Pathobiology; Keshavarz Blvd., Pour Sina St., Tehran, Iran, Tehran, Tehran 1417613151	Iran	Fard,R.M.N.,Yazdani,Z.M.	2021-08-05T00:00:00Z								Bacteriophage sp.		38018
LC644936.1			PARTIAL		Iran	Asia									Enterococcus faecium		1352					2019-03-11	Entfac.MY			261						2021-08-05T00:00:00Z		GenBank		Pathobiology; Keshavarz Blvd., Pour Sina St., Tehran, Iran, Tehran, Tehran 1417613151	Iran	Fard,R.M.N.,Yazdani,Z.M.	2021-08-05T00:00:00Z								Bacteriophage sp.		38018
LC644937.1			PARTIAL		Iran	Asia									Enterococcus faecium		1352					2019-03-11	Entfac.MY			318						2021-08-05T00:00:00Z		GenBank		Pathobiology; Keshavarz Blvd., Pour Sina St., Tehran, Iran, Tehran, Tehran 1417613151	Iran	Fard,R.M.N.,Yazdani,Z.M.	2021-08-05T00:00:00Z								Bacteriophage sp.		38018
LC644938.1			PARTIAL		Iran	Asia									Enterococcus faecium		1352					2019-03-11	Entfac.MY			300						2021-08-05T00:00:00Z		GenBank		Pathobiology; Keshavarz Blvd., Pour Sina St., Tehran, Iran, Tehran, Tehran 1417613151	Iran	Fard,R.M.N.,Yazdani,Z.M.	2021-08-05T00:00:00Z								Bacteriophage sp.		38018
LC644939.1			PARTIAL		Iran	Asia									Enterococcus faecium		1352					2019-03-11	Entfac.MY			297						2021-08-05T00:00:00Z		GenBank		Pathobiology; Keshavarz Blvd., Pour Sina St., Tehran, Iran, Tehran, Tehran 1417613151	Iran	Fard,R.M.N.,Yazdani,Z.M.	2021-08-05T00:00:00Z								Bacteriophage sp.		38018
LC644940.1			PARTIAL		Iran	Asia									Enterococcus faecium		1352					2019-03-11	Entfac.MY			282						2021-08-05T00:00:00Z		GenBank		Pathobiology; Keshavarz Blvd., Pour Sina St., Tehran, Iran, Tehran, Tehran 1417613151	Iran	Fard,R.M.N.,Yazdani,Z.M.	2021-08-05T00:00:00Z								Bacteriophage sp.		38018
LC644941.1			PARTIAL		Iran	Asia									Enterococcus faecium		1352					2019-03-11	Entfac.MY			75						2021-08-05T00:00:00Z		GenBank		Pathobiology; Keshavarz Blvd., Pour Sina St., Tehran, Iran, Tehran, Tehran 1417613151	Iran	Fard,R.M.N.,Yazdani,Z.M.	2021-08-05T00:00:00Z								Bacteriophage sp.		38018
LC644942.1			PARTIAL		Iran	Asia									Enterococcus faecium		1352					2019-03-11	Entfac.MY			186						2021-08-05T00:00:00Z		GenBank		Pathobiology; Keshavarz Blvd., Pour Sina St., Tehran, Iran, Tehran, Tehran 1417613151	Iran	Fard,R.M.N.,Yazdani,Z.M.	2021-08-05T00:00:00Z								Bacteriophage sp.		38018
LC644943.1			PARTIAL		Iran	Asia									Enterococcus faecium		1352					2019-03-11	Entfac.MY			246						2021-08-05T00:00:00Z		GenBank		Pathobiology; Keshavarz Blvd., Pour Sina St., Tehran, Iran, Tehran, Tehran 1417613151	Iran	Fard,R.M.N.,Yazdani,Z.M.	2021-08-05T00:00:00Z								Bacteriophage sp.		38018
LC644944.1			PARTIAL		Iran	Asia									Enterococcus faecium		1352					2019-03-11	Entfac.MY			246						2021-08-05T00:00:00Z		GenBank		Pathobiology; Keshavarz Blvd., Pour Sina St., Tehran, Iran, Tehran, Tehran 1417613151	Iran	Fard,R.M.N.,Yazdani,Z.M.	2021-08-05T00:00:00Z								Bacteriophage sp.		38018
LC644945.1			PARTIAL		Iran	Asia									Enterococcus faecium		1352					2019-03-11	Entfac.MY			78						2021-08-05T00:00:00Z		GenBank		Pathobiology; Keshavarz Blvd., Pour Sina St., Tehran, Iran, Tehran, Tehran 1417613151	Iran	Fard,R.M.N.,Yazdani,Z.M.	2021-08-05T00:00:00Z								Bacteriophage sp.		38018
LC644946.1			PARTIAL		Iran	Asia									Enterococcus faecium		1352					2019-03-11	Entfac.MY			144						2021-08-05T00:00:00Z		GenBank		Pathobiology; Keshavarz Blvd., Pour Sina St., Tehran, Iran, Tehran, Tehran 1417613151	Iran	Fard,R.M.N.,Yazdani,Z.M.	2021-08-05T00:00:00Z								Bacteriophage sp.		38018
LC644947.1			PARTIAL		Iran	Asia									Enterococcus faecium		1352					2019-03-11	Entfac.MY			237						2021-08-05T00:00:00Z		GenBank		Pathobiology; Keshavarz Blvd., Pour Sina St., Tehran, Iran, Tehran, Tehran 1417613151	Iran	Fard,R.M.N.,Yazdani,Z.M.	2021-08-05T00:00:00Z								Bacteriophage sp.		38018
LC644948.1			PARTIAL		Iran	Asia									Enterococcus faecium		1352					2019-03-11	Entfac.MY			165						2021-08-05T00:00:00Z		GenBank		Pathobiology; Keshavarz Blvd., Pour Sina St., Tehran, Iran, Tehran, Tehran 1417613151	Iran	Fard,R.M.N.,Yazdani,Z.M.	2021-08-05T00:00:00Z								Bacteriophage sp.		38018
LC644949.1			PARTIAL		Iran	Asia									Enterococcus faecium		1352					2019-03-11	Entfac.MY			228						2021-08-05T00:00:00Z		GenBank		Pathobiology; Keshavarz Blvd., Pour Sina St., Tehran, Iran, Tehran, Tehran 1417613151	Iran	Fard,R.M.N.,Yazdani,Z.M.	2021-08-05T00:00:00Z								Bacteriophage sp.		38018
LC644950.1			PARTIAL		Iran	Asia									Enterococcus faecium		1352					2019-03-11	Entfac.MY			1179						2021-08-05T00:00:00Z		GenBank		Pathobiology; Keshavarz Blvd., Pour Sina St., Tehran, Iran, Tehran, Tehran 1417613151	Iran	Fard,R.M.N.,Yazdani,Z.M.	2021-08-05T00:00:00Z								Bacteriophage sp.		38018
LC644951.1			PARTIAL		Iran	Asia									Enterococcus faecium		1352					2019-03-11	Entfac.MY			1128						2021-08-05T00:00:00Z		GenBank		Pathobiology; Keshavarz Blvd., Pour Sina St., Tehran, Iran, Tehran, Tehran 1417613151	Iran	Fard,R.M.N.,Yazdani,Z.M.	2021-08-05T00:00:00Z								Bacteriophage sp.		38018
LC644952.1			PARTIAL		Iran	Asia									Enterococcus faecium		1352					2019-03-11	Entfac.MY			375						2021-08-05T00:00:00Z		GenBank		Pathobiology; Keshavarz Blvd., Pour Sina St., Tehran, Iran, Tehran, Tehran 1417613151	Iran	Fard,R.M.N.,Yazdani,Z.M.	2021-08-05T00:00:00Z								Bacteriophage sp.		38018
LC644953.1			PARTIAL		Iran	Asia									Enterococcus faecium		1352					2019-03-11	Entfac.MY			723						2021-08-05T00:00:00Z		GenBank		Pathobiology; Keshavarz Blvd., Pour Sina St., Tehran, Iran, Tehran, Tehran 1417613151	Iran	Fard,R.M.N.,Yazdani,Z.M.	2021-08-05T00:00:00Z								Bacteriophage sp.		38018
